"seqnames","start","end","width","strand","Proportion"
"NC_003070.9",1,150000,150000,"*",-1.42715377636667e-06
"NC_003070.9",150001,300000,150000,"*",0.000550631549196382
"NC_003070.9",300001,450000,150000,"*",4.87726764563084e-05
"NC_003070.9",450001,600000,150000,"*",-0.000868276876040738
"NC_003070.9",600001,750000,150000,"*",-0.000358856436815885
"NC_003070.9",750001,900000,150000,"*",-0.000225635115936092
"NC_003070.9",900001,1050000,150000,"*",-0.000147203558596425
"NC_003070.9",1050001,1200000,150000,"*",-0.000585785192412196
"NC_003070.9",1200001,1350000,150000,"*",-0.00015800014663222
"NC_003070.9",1350001,1500000,150000,"*",0.00109627630996762
"NC_003070.9",1500001,1650000,150000,"*",0.00032244802036068
"NC_003070.9",1650001,1800000,150000,"*",-0.000110850602541931
"NC_003070.9",1800001,1950000,150000,"*",-0.000427473426140698
"NC_003070.9",1950001,2100000,150000,"*",0.000494399875594242
"NC_003070.9",2100001,2250000,150000,"*",0.000549408995478206
"NC_003070.9",2250001,2400000,150000,"*",-0.000767203283492013
"NC_003070.9",2400001,2550000,150000,"*",0.00166333059968567
"NC_003070.9",2550001,2700000,150000,"*",-0.000946666267281774
"NC_003070.9",2700001,2850000,150000,"*",0.000221311715255834
"NC_003070.9",2850001,3000000,150000,"*",-2.92681368384978e-06
"NC_003070.9",3000001,3150000,150000,"*",-0.00144877156738945
"NC_003070.9",3150001,3300000,150000,"*",-0.000692628831096811
"NC_003070.9",3300001,3450000,150000,"*",0.000784294043602175
"NC_003070.9",3450001,3600000,150000,"*",7.32478273783709e-05
"NC_003070.9",3600001,3750000,150000,"*",5.89321119208929e-05
"NC_003070.9",3750001,3900000,150000,"*",0.00378699838751139
"NC_003070.9",3900001,4050000,150000,"*",0.000223187970035494
"NC_003070.9",4050001,4200000,150000,"*",0.000950059573171277
"NC_003070.9",4200001,4350000,150000,"*",0.0048628930902024
"NC_003070.9",4350001,4500000,150000,"*",0.000613326055253183
"NC_003070.9",4500001,4650000,150000,"*",0.000109030778839662
"NC_003070.9",4650001,4800000,150000,"*",0.00186925278568178
"NC_003070.9",4800001,4950000,150000,"*",0.000855007179091588
"NC_003070.9",4950001,5100000,150000,"*",-0.000127174753084512
"NC_003070.9",5100001,5250000,150000,"*",9.62851181299552e-05
"NC_003070.9",5250001,5400000,150000,"*",0.000815125333171804
"NC_003070.9",5400001,5550000,150000,"*",-0.000452970627447714
"NC_003070.9",5550001,5700000,150000,"*",0.00530896627197695
"NC_003070.9",5700001,5850000,150000,"*",-0.000808313653384417
"NC_003070.9",5850001,6000000,150000,"*",0.00319492195560959
"NC_003070.9",6000001,6150000,150000,"*",0.00365784707957564
"NC_003070.9",6150001,6300000,150000,"*",0.00212620513790536
"NC_003070.9",6300001,6450000,150000,"*",0.000439107306055647
"NC_003070.9",6450001,6600000,150000,"*",0.00624929072695766
"NC_003070.9",6600001,6750000,150000,"*",0.00434684144588457
"NC_003070.9",6750001,6900000,150000,"*",-0.000999415640904935
"NC_003070.9",6900001,7050000,150000,"*",-0.000722109501155454
"NC_003070.9",7050001,7200000,150000,"*",0.011377329255069
"NC_003070.9",7200001,7350000,150000,"*",0.00127800701726084
"NC_003070.9",7350001,7500000,150000,"*",0.0043779158878467
"NC_003070.9",7500001,7650000,150000,"*",-0.000515146918095778
"NC_003070.9",7650001,7800000,150000,"*",0.00436146486614208
"NC_003070.9",7800001,7950000,150000,"*",0.000127718767044512
"NC_003070.9",7950001,8100000,150000,"*",0.00742561431916989
"NC_003070.9",8100001,8250000,150000,"*",0.000681663577946429
"NC_003070.9",8250001,8400000,150000,"*",0.00264738267510741
"NC_003070.9",8400001,8550000,150000,"*",0.00734248323416347
"NC_003070.9",8550001,8700000,150000,"*",0.0014069315128437
"NC_003070.9",8700001,8850000,150000,"*",0.026209860384635
"NC_003070.9",8850001,9000000,150000,"*",0.0074162573678706
"NC_003070.9",9000001,9150000,150000,"*",0.00565362765384776
"NC_003070.9",9150001,9300000,150000,"*",0.000362893356896432
"NC_003070.9",9300001,9450000,150000,"*",0.0125529801394129
"NC_003070.9",9450001,9600000,150000,"*",0.00931719986389098
"NC_003070.9",9600001,9750000,150000,"*",0.0076017586108399
"NC_003070.9",9750001,9900000,150000,"*",0.000624175902257787
"NC_003070.9",9900001,10050000,150000,"*",0.00294648481421501
"NC_003070.9",10050001,10200000,150000,"*",0.00223362420539897
"NC_003070.9",10200001,10350000,150000,"*",-0.000521662671787276
"NC_003070.9",10350001,10500000,150000,"*",0.00740675995146299
"NC_003070.9",10500001,10650000,150000,"*",0.00853676515708025
"NC_003070.9",10650001,10800000,150000,"*",0.00854199784768466
"NC_003070.9",10800001,10950000,150000,"*",0.0010241021224852
"NC_003070.9",10950001,11100000,150000,"*",0.0167073754113407
"NC_003070.9",11100001,11250000,150000,"*",0.00719972172485644
"NC_003070.9",11250001,11400000,150000,"*",0.018153277388717
"NC_003070.9",11400001,11550000,150000,"*",0.010827381297089
"NC_003070.9",11550001,11700000,150000,"*",0.0026361716728422
"NC_003070.9",11700001,11850000,150000,"*",0.0050811429541553
"NC_003070.9",11850001,12000000,150000,"*",0.0107423007876059
"NC_003070.9",12000001,12150000,150000,"*",0.0159010974765638
"NC_003070.9",12150001,12300000,150000,"*",0.0139045787749289
"NC_003070.9",12300001,12450000,150000,"*",0.0195507904693131
"NC_003070.9",12450001,12600000,150000,"*",0.0151165820831704
"NC_003070.9",12600001,12750000,150000,"*",0.0393115607610436
"NC_003070.9",12750001,12900000,150000,"*",0.0472771909240949
"NC_003070.9",12900001,13050000,150000,"*",0.0433440668412265
"NC_003070.9",13050001,13200000,150000,"*",0.0350249165271265
"NC_003070.9",13200001,13350000,150000,"*",0.0469147351601593
"NC_003070.9",13350001,13500000,150000,"*",0.0642478326254823
"NC_003070.9",13500001,13650000,150000,"*",0.0559093243487177
"NC_003070.9",13650001,13800000,150000,"*",0.07336083613886
"NC_003070.9",13800001,13950000,150000,"*",0.0728881857137237
"NC_003070.9",13950001,14100000,150000,"*",0.0639504391675061
"NC_003070.9",14100001,14250000,150000,"*",0.0797813517245691
"NC_003070.9",14250001,14400000,150000,"*",0.0760451834332608
"NC_003070.9",14400001,14550000,150000,"*",0.0905224592181434
"NC_003070.9",14550001,14700000,150000,"*",0.0820790476834253
"NC_003070.9",14700001,14850000,150000,"*",0.0456170289574084
"NC_003070.9",14850001,15000000,150000,"*",0.0698294138823917
"NC_003070.9",15000001,15150000,150000,"*",0.0803503932711784
"NC_003070.9",15150001,15300000,150000,"*",0.086324890628967
"NC_003070.9",15300001,15450000,150000,"*",0.0860900910576609
"NC_003070.9",15450001,15600000,150000,"*",0.0908970320086928
"NC_003070.9",15600001,15750000,150000,"*",0.0764772664296871
"NC_003070.9",15750001,15900000,150000,"*",0.0755994821114464
"NC_003070.9",15900001,16050000,150000,"*",0.0557016950063887
"NC_003070.9",16050001,16200000,150000,"*",0.0623686863592757
"NC_003070.9",16200001,16350000,150000,"*",0.048515288333376
"NC_003070.9",16350001,16500000,150000,"*",0.0459220732035041
"NC_003070.9",16500001,16650000,150000,"*",0.0652709518958869
"NC_003070.9",16650001,16800000,150000,"*",0.0458330289549338
"NC_003070.9",16800001,16950000,150000,"*",0.0270446024095167
"NC_003070.9",16950001,17100000,150000,"*",0.029713113635085
"NC_003070.9",17100001,17250000,150000,"*",0.00856713224703173
"NC_003070.9",17250001,17400000,150000,"*",0.030540040881445
"NC_003070.9",17400001,17550000,150000,"*",0.0262256472309497
"NC_003070.9",17550001,17700000,150000,"*",0.0285861765723702
"NC_003070.9",17700001,17850000,150000,"*",0.00634847943347296
"NC_003070.9",17850001,18000000,150000,"*",0.000538206828043574
"NC_003070.9",18000001,18150000,150000,"*",0.00837336454124575
"NC_003070.9",18150001,18300000,150000,"*",0.0084815554324466
"NC_003070.9",18300001,18450000,150000,"*",0.00216592600105088
"NC_003070.9",18450001,18600000,150000,"*",0.000638212108073674
"NC_003070.9",18600001,18750000,150000,"*",0.00206071800397896
"NC_003070.9",18750001,18900000,150000,"*",0.00844161950998695
"NC_003070.9",18900001,19050000,150000,"*",0.0183978471835324
"NC_003070.9",19050001,19200000,150000,"*",0.000487851789048095
"NC_003070.9",19200001,19350000,150000,"*",0.010372248960715
"NC_003070.9",19350001,19500000,150000,"*",0.00362603730532803
"NC_003070.9",19500001,19650000,150000,"*",0.00355370738925535
"NC_003070.9",19650001,19800000,150000,"*",0.0162752159754277
"NC_003070.9",19800001,19950000,150000,"*",0.000653138968990691
"NC_003070.9",19950001,20100000,150000,"*",0.0105840714811302
"NC_003070.9",20100001,20250000,150000,"*",0.000351305386098077
"NC_003070.9",20250001,20400000,150000,"*",0.00786081021395104
"NC_003070.9",20400001,20550000,150000,"*",0.00304967365151247
"NC_003070.9",20550001,20700000,150000,"*",-0.000392330375378058
"NC_003070.9",20700001,20850000,150000,"*",0.00201993269961603
"NC_003070.9",20850001,21000000,150000,"*",0.000463646757037852
"NC_003070.9",21000001,21150000,150000,"*",0.00245612399145148
"NC_003070.9",21150001,21300000,150000,"*",0.00540091237882261
"NC_003070.9",21300001,21450000,150000,"*",0.0101187915024982
"NC_003070.9",21450001,21600000,150000,"*",0.00906685553228684
"NC_003070.9",21600001,21750000,150000,"*",0.00685825675704181
"NC_003070.9",21750001,21900000,150000,"*",0.0146478185197896
"NC_003070.9",21900001,22050000,150000,"*",6.60312530466542e-05
"NC_003070.9",22050001,22200000,150000,"*",0.0117343643381159
"NC_003070.9",22200001,22350000,150000,"*",0.00226828910114128
"NC_003070.9",22350001,22500000,150000,"*",0.00120877817039972
"NC_003070.9",22500001,22650000,150000,"*",0.00131297801521869
"NC_003070.9",22650001,22800000,150000,"*",0.00440973941707171
"NC_003070.9",22800001,22950000,150000,"*",0.0011018712039177
"NC_003070.9",22950001,23100000,150000,"*",0.00027227801357348
"NC_003070.9",23100001,23250000,150000,"*",0.00779722906002833
"NC_003070.9",23250001,23400000,150000,"*",-0.000314922942103123
"NC_003070.9",23400001,23550000,150000,"*",0.00106473682544525
"NC_003070.9",23550001,23700000,150000,"*",0.00276399148043308
"NC_003070.9",23700001,23850000,150000,"*",-0.000441742512061936
"NC_003070.9",23850001,24000000,150000,"*",0.00518841403497826
"NC_003070.9",24000001,24150000,150000,"*",7.37304386438098e-05
"NC_003070.9",24150001,24300000,150000,"*",0.00254484914142243
"NC_003070.9",24300001,24450000,150000,"*",-0.0010892946323706
"NC_003070.9",24450001,24600000,150000,"*",0.00696287991798065
"NC_003070.9",24600001,24750000,150000,"*",0.00159804768972489
"NC_003070.9",24750001,24900000,150000,"*",0.00112216627484164
"NC_003070.9",24900001,25050000,150000,"*",-0.000239076680791164
"NC_003070.9",25050001,25200000,150000,"*",0.0044842030386863
"NC_003070.9",25200001,25350000,150000,"*",0.000651585028472883
"NC_003070.9",25350001,25500000,150000,"*",0.00196775879801518
"NC_003070.9",25500001,25650000,150000,"*",0.00115290752741418
"NC_003070.9",25650001,25800000,150000,"*",0.00178624162457132
"NC_003070.9",25800001,25950000,150000,"*",1.18520886544281e-05
"NC_003070.9",25950001,26100000,150000,"*",-0.000242183495008944
"NC_003070.9",26100001,26250000,150000,"*",0.000142253995900088
"NC_003070.9",26250001,26400000,150000,"*",0.00659649494535908
"NC_003070.9",26400001,26550000,150000,"*",-0.00013317067507058
"NC_003070.9",26550001,26700000,150000,"*",-0.000686317896591368
"NC_003070.9",26700001,26850000,150000,"*",0.00192369417202401
"NC_003070.9",26850001,27000000,150000,"*",0.000372863082044221
"NC_003070.9",27000001,27150000,150000,"*",0.00115247536461604
"NC_003070.9",27150001,27300000,150000,"*",-0.000456512405064927
"NC_003070.9",27300001,27450000,150000,"*",-0.00125261613466278
"NC_003070.9",27450001,27600000,150000,"*",0.000787107415360108
"NC_003070.9",27600001,27750000,150000,"*",0.000630318303156633
"NC_003070.9",27750001,27900000,150000,"*",-0.000225032490921121
"NC_003070.9",27900001,28050000,150000,"*",-0.000719362567988206
"NC_003070.9",28050001,28200000,150000,"*",-0.000477419336132943
"NC_003070.9",28200001,28350000,150000,"*",0.000863733231228819
"NC_003070.9",28350001,28500000,150000,"*",0.00083034197219748
"NC_003070.9",28500001,28650000,150000,"*",-0.000952119062803779
"NC_003070.9",28650001,28800000,150000,"*",-0.000472473280236018
"NC_003070.9",28800001,28950000,150000,"*",-0.000364757652731511
"NC_003070.9",28950001,29100000,150000,"*",0.000502909942876722
"NC_003070.9",29100001,29250000,150000,"*",-0.000206228230597148
"NC_003070.9",29250001,29400000,150000,"*",0.000630779786591134
"NC_003070.9",29400001,29550000,150000,"*",0.00647359102580165
"NC_003070.9",29550001,29700000,150000,"*",-0.000471602825268059
"NC_003070.9",29700001,29850000,150000,"*",-0.000318221011882353
"NC_003070.9",29850001,30000000,150000,"*",-0.000660695800141006
"NC_003070.9",30000001,30150000,150000,"*",-0.000316293120332167
"NC_003070.9",30150001,30300000,150000,"*",-3.19335017750985e-05
"NC_003071.7",1006,151005,150000,"*",0.034476499863561
"NC_003071.7",151006,301005,150000,"*",0.00461124023192611
"NC_003071.7",301006,451005,150000,"*",0.0124672513407376
"NC_003071.7",451006,601005,150000,"*",0.0278417557154593
"NC_003071.7",601006,751005,150000,"*",0.00382954665562691
"NC_003071.7",751006,901005,150000,"*",0.0102330925367944
"NC_003071.7",901006,1051005,150000,"*",0.00942045687250188
"NC_003071.7",1051006,1201005,150000,"*",0.00482938651069663
"NC_003071.7",1201006,1351005,150000,"*",0.0335423482710299
"NC_003071.7",1351006,1501005,150000,"*",0.020993199052041
"NC_003071.7",1501006,1651005,150000,"*",0.0237211755656797
"NC_003071.7",1651006,1801005,150000,"*",0.0371205682039629
"NC_003071.7",1801006,1951005,150000,"*",0.0419632673342522
"NC_003071.7",1951006,2101005,150000,"*",0.0460199568425037
"NC_003071.7",2101006,2251005,150000,"*",0.0438198484709443
"NC_003071.7",2251006,2401005,150000,"*",0.0441768400677169
"NC_003071.7",2401006,2551005,150000,"*",0.0714197135307785
"NC_003071.7",2551006,2701005,150000,"*",0.0564022328301137
"NC_003071.7",2701006,2851005,150000,"*",0.0646216337201775
"NC_003071.7",2851006,3001005,150000,"*",0.043812650896569
"NC_003071.7",3001006,3151005,150000,"*",0.0591261691900402
"NC_003071.7",3151006,3301005,150000,"*",0.0689240200427645
"NC_003071.7",3301006,3451005,150000,"*",0.0820437278734255
"NC_003071.7",3451006,3601005,150000,"*",0.0692960530056129
"NC_003071.7",3601006,3751005,150000,"*",0.0533583576762025
"NC_003071.7",3751006,3901005,150000,"*",0.086354738306298
"NC_003071.7",3901006,4051005,150000,"*",0.0761952432911394
"NC_003071.7",4051006,4201005,150000,"*",0.0678482601402574
"NC_003071.7",4201006,4351005,150000,"*",0.0601252921179222
"NC_003071.7",4351006,4501005,150000,"*",0.0640923946813902
"NC_003071.7",4501006,4651005,150000,"*",0.0726810735410688
"NC_003071.7",4651006,4801005,150000,"*",0.0653194446808201
"NC_003071.7",4801006,4951005,150000,"*",0.060837876442213
"NC_003071.7",4951006,5101005,150000,"*",0.0721398325575785
"NC_003071.7",5101006,5251005,150000,"*",0.065856891712032
"NC_003071.7",5251006,5401005,150000,"*",0.0750825014097982
"NC_003071.7",5401006,5551005,150000,"*",0.0470831466838228
"NC_003071.7",5551006,5701005,150000,"*",0.0541032395317262
"NC_003071.7",5701006,5851005,150000,"*",0.0513794045479721
"NC_003071.7",5851006,6001005,150000,"*",0.0487554713532624
"NC_003071.7",6001006,6151005,150000,"*",0.0566138555769598
"NC_003071.7",6151006,6301005,150000,"*",0.0447693164071512
"NC_003071.7",6301006,6451005,150000,"*",0.036839154828311
"NC_003071.7",6451006,6601005,150000,"*",0.0515782658733423
"NC_003071.7",6601006,6751005,150000,"*",0.0397510672208372
"NC_003071.7",6751006,6901005,150000,"*",0.0407294646966534
"NC_003071.7",6901006,7051005,150000,"*",0.0375856251524349
"NC_003071.7",7051006,7201005,150000,"*",0.0166880106829773
"NC_003071.7",7201006,7351005,150000,"*",0.0206035420690391
"NC_003071.7",7351006,7501005,150000,"*",0.00845931677335082
"NC_003071.7",7501006,7651005,150000,"*",0.00462928863328995
"NC_003071.7",7651006,7801005,150000,"*",0.0128756800452086
"NC_003071.7",7801006,7951005,150000,"*",0.00108174606085442
"NC_003071.7",7951006,8101005,150000,"*",0.00639621833068629
"NC_003071.7",8101006,8251005,150000,"*",0.000508200156379649
"NC_003071.7",8251006,8401005,150000,"*",0.00737135100947313
"NC_003071.7",8401006,8551005,150000,"*",0.00132616113462366
"NC_003071.7",8551006,8701005,150000,"*",0.00961018305415071
"NC_003071.7",8701006,8851005,150000,"*",0.00747677631332727
"NC_003071.7",8851006,9001005,150000,"*",0.00528440490973268
"NC_003071.7",9001006,9151005,150000,"*",0.00694161825928703
"NC_003071.7",9151006,9301005,150000,"*",0.00962918880996815
"NC_003071.7",9301006,9451005,150000,"*",0.00301024322129703
"NC_003071.7",9451006,9601005,150000,"*",0.00238747679212944
"NC_003071.7",9601006,9751005,150000,"*",0.00112483402081381
"NC_003071.7",9751006,9901005,150000,"*",0.00194990764572911
"NC_003071.7",9901006,10051005,150000,"*",0.00399409664536508
"NC_003071.7",10051006,10201005,150000,"*",0.00652789917181527
"NC_003071.7",10201006,10351005,150000,"*",0.000412874399189281
"NC_003071.7",10351006,10501005,150000,"*",0.00587385371211181
"NC_003071.7",10501006,10651005,150000,"*",0.0275495376521058
"NC_003071.7",10651006,10801005,150000,"*",0.000953454130212514
"NC_003071.7",10801006,10951005,150000,"*",0.00188355168343454
"NC_003071.7",10951006,11101005,150000,"*",0.00150426029029719
"NC_003071.7",11101006,11251005,150000,"*",0.00264883487152265
"NC_003071.7",11251006,11401005,150000,"*",0.00231425492492401
"NC_003071.7",11401006,11551005,150000,"*",0.00042106061678316
"NC_003071.7",11551006,11701005,150000,"*",0.00207703338641828
"NC_003071.7",11701006,11851005,150000,"*",0.00437759604329403
"NC_003071.7",11851006,12001005,150000,"*",0.00159860806743213
"NC_003071.7",12001006,12151005,150000,"*",0.00177763682942276
"NC_003071.7",12151006,12301005,150000,"*",0.00188436542562883
"NC_003071.7",12301006,12451005,150000,"*",0.00498306621300464
"NC_003071.7",12451006,12601005,150000,"*",0.00660098733430888
"NC_003071.7",12601006,12751005,150000,"*",0.00462629636946708
"NC_003071.7",12751006,12901005,150000,"*",0.00143227028327536
"NC_003071.7",12901006,13051005,150000,"*",0.000899366451033647
"NC_003071.7",13051006,13201005,150000,"*",0.00131435653021268
"NC_003071.7",13201006,13351005,150000,"*",0.00565230021691416
"NC_003071.7",13351006,13501005,150000,"*",0.00128676730044317
"NC_003071.7",13501006,13651005,150000,"*",-0.000148592764584438
"NC_003071.7",13651006,13801005,150000,"*",0.00183293120192294
"NC_003071.7",13801006,13951005,150000,"*",-0.000506061038672583
"NC_003071.7",13951006,14101005,150000,"*",0.000284634860851594
"NC_003071.7",14101006,14251005,150000,"*",-0.000252807424215292
"NC_003071.7",14251006,14401005,150000,"*",0.000127516921612359
"NC_003071.7",14401006,14551005,150000,"*",0.00597536299742228
"NC_003071.7",14551006,14701005,150000,"*",0.00067832584850562
"NC_003071.7",14701006,14851005,150000,"*",-0.000902397373247463
"NC_003071.7",14851006,15001005,150000,"*",-0.000226570782652851
"NC_003071.7",15001006,15151005,150000,"*",-0.00101043844991125
"NC_003071.7",15151006,15301005,150000,"*",-0.000489771448848956
"NC_003071.7",15301006,15451005,150000,"*",0.00184091808604784
"NC_003071.7",15451006,15601005,150000,"*",0.00202121394976238
"NC_003071.7",15601006,15751005,150000,"*",0.0019365379807393
"NC_003071.7",15751006,15901005,150000,"*",-0.001189274201245
"NC_003071.7",15901006,16051005,150000,"*",0.00467969996935806
"NC_003071.7",16051006,16201005,150000,"*",-0.000229952957421937
"NC_003071.7",16201006,16351005,150000,"*",0.000478449402094147
"NC_003071.7",16351006,16501005,150000,"*",-0.000504733987157648
"NC_003071.7",16501006,16651005,150000,"*",0.000183091442896553
"NC_003071.7",16651006,16801005,150000,"*",-0.000713686034668002
"NC_003071.7",16801006,16951005,150000,"*",0.00103711880403433
"NC_003071.7",16951006,17101005,150000,"*",0.00225573577744697
"NC_003071.7",17101006,17251005,150000,"*",-0.000291901621441846
"NC_003071.7",17251006,17401005,150000,"*",0.010193223345204
"NC_003071.7",17401006,17551005,150000,"*",0.00135282799887872
"NC_003071.7",17551006,17701005,150000,"*",-0.000250346122701238
"NC_003071.7",17701006,17851005,150000,"*",1.63619500478376e-05
"NC_003071.7",17851006,18001005,150000,"*",-0.000845603716064172
"NC_003071.7",18001006,18151005,150000,"*",-0.00019007678254734
"NC_003071.7",18151006,18301005,150000,"*",0.000485396333905077
"NC_003071.7",18301006,18451005,150000,"*",-0.000167408983470447
"NC_003071.7",18451006,18601005,150000,"*",0.00154821323813227
"NC_003071.7",18601006,18751005,150000,"*",0.00748777180159526
"NC_003071.7",18751006,18901005,150000,"*",0.000161403699922433
"NC_003071.7",18901006,19051005,150000,"*",-1.61968841007141e-05
"NC_003071.7",19051006,19201005,150000,"*",1.55945747009056e-05
"NC_003071.7",19201006,19351005,150000,"*",6.19678105346633e-05
"NC_003071.7",19351006,19501005,150000,"*",0.000129549901181603
"NC_003071.7",19501006,19651005,150000,"*",-0.000391187862929939
"NC_003074.8",101,150100,150000,"*",0.00015642235505044
"NC_003074.8",150101,300100,150000,"*",-8.35247910892355e-05
"NC_003074.8",300101,450100,150000,"*",-0.000283372826243429
"NC_003074.8",450101,600100,150000,"*",0.000572553939288376
"NC_003074.8",600101,750100,150000,"*",-0.000947762175234653
"NC_003074.8",750101,900100,150000,"*",0.00156188365880488
"NC_003074.8",900101,1050100,150000,"*",-0.000563884614166212
"NC_003074.8",1050101,1200100,150000,"*",0.000626913122123965
"NC_003074.8",1200101,1350100,150000,"*",-0.000534103879386309
"NC_003074.8",1350101,1500100,150000,"*",-0.000429682463923737
"NC_003074.8",1500101,1650100,150000,"*",0.00628193341435651
"NC_003074.8",1650101,1800100,150000,"*",-0.000543548084053505
"NC_003074.8",1800101,1950100,150000,"*",-0.000960105965254309
"NC_003074.8",1950101,2100100,150000,"*",-0.00210018723778677
"NC_003074.8",2100101,2250100,150000,"*",-0.000874739964726173
"NC_003074.8",2250101,2400100,150000,"*",6.09395388672072e-05
"NC_003074.8",2400101,2550100,150000,"*",0.000176388608607428
"NC_003074.8",2550101,2700100,150000,"*",-0.000134738576706307
"NC_003074.8",2700101,2850100,150000,"*",0.00206815700605344
"NC_003074.8",2850101,3000100,150000,"*",8.69871495844925e-05
"NC_003074.8",3000101,3150100,150000,"*",-0.000156937934765788
"NC_003074.8",3150101,3300100,150000,"*",-0.000334245139185477
"NC_003074.8",3300101,3450100,150000,"*",0.00205645513767256
"NC_003074.8",3450101,3600100,150000,"*",-0.00015385370066476
"NC_003074.8",3600101,3750100,150000,"*",-0.00022042277571038
"NC_003074.8",3750101,3900100,150000,"*",0.00283132980614582
"NC_003074.8",3900101,4050100,150000,"*",-0.000740627001431366
"NC_003074.8",4050101,4200100,150000,"*",-0.000834356569026063
"NC_003074.8",4200101,4350100,150000,"*",0.00631265762874057
"NC_003074.8",4350101,4500100,150000,"*",0.00124979989688306
"NC_003074.8",4500101,4650100,150000,"*",0.00168579511154647
"NC_003074.8",4650101,4800100,150000,"*",-0.000113086584787385
"NC_003074.8",4800101,4950100,150000,"*",0.00220289875730434
"NC_003074.8",4950101,5100100,150000,"*",-0.00029813240561794
"NC_003074.8",5100101,5250100,150000,"*",0.00259179910696638
"NC_003074.8",5250101,5400100,150000,"*",0.00662511813127726
"NC_003074.8",5400101,5550100,150000,"*",-0.000256132148751666
"NC_003074.8",5550101,5700100,150000,"*",-8.85907964126038e-05
"NC_003074.8",5700101,5850100,150000,"*",0.000781089168238006
"NC_003074.8",5850101,6000100,150000,"*",0.00382311788599336
"NC_003074.8",6000101,6150100,150000,"*",-0.000287731554123172
"NC_003074.8",6150101,6300100,150000,"*",-0.000517956693907352
"NC_003074.8",6300101,6450100,150000,"*",0.00030503710944178
"NC_003074.8",6450101,6600100,150000,"*",0.000324981431165914
"NC_003074.8",6600101,6750100,150000,"*",-0.000498547059593461
"NC_003074.8",6750101,6900100,150000,"*",3.23430013440072e-05
"NC_003074.8",6900101,7050100,150000,"*",0.000620605002018139
"NC_003074.8",7050101,7200100,150000,"*",-0.0002435439661424
"NC_003074.8",7200101,7350100,150000,"*",0.00421848183643611
"NC_003074.8",7350101,7500100,150000,"*",0.000660659237939773
"NC_003074.8",7500101,7650100,150000,"*",0.00183912115223911
"NC_003074.8",7650101,7800100,150000,"*",0.00158126468991727
"NC_003074.8",7800101,7950100,150000,"*",0.0115892404537827
"NC_003074.8",7950101,8100100,150000,"*",0.00148401133279192
"NC_003074.8",8100101,8250100,150000,"*",0.00856951977268638
"NC_003074.8",8250101,8400100,150000,"*",0.00407528109579816
"NC_003074.8",8400101,8550100,150000,"*",0.0064453634613165
"NC_003074.8",8550101,8700100,150000,"*",0.00200820510374027
"NC_003074.8",8700101,8850100,150000,"*",0.00504322040089487
"NC_003074.8",8850101,9000100,150000,"*",0.0113849109787659
"NC_003074.8",9000101,9150100,150000,"*",0.0108182821706967
"NC_003074.8",9150101,9300100,150000,"*",0.0116019658385659
"NC_003074.8",9300101,9450100,150000,"*",0.0135982313492756
"NC_003074.8",9450101,9600100,150000,"*",-0.00082964545887146
"NC_003074.8",9600101,9750100,150000,"*",0.0245345703353216
"NC_003074.8",9750101,9900100,150000,"*",0.0112831881186194
"NC_003074.8",9900101,10050100,150000,"*",0.00478888367124396
"NC_003074.8",10050101,10200100,150000,"*",0.00953012662891965
"NC_003074.8",10200101,10350100,150000,"*",0.0124946699850767
"NC_003074.8",10350101,10500100,150000,"*",0.0175478367164583
"NC_003074.8",10500101,10650100,150000,"*",0.0128829929790903
"NC_003074.8",10650101,10800100,150000,"*",0.00577128422856697
"NC_003074.8",10800101,10950100,150000,"*",0.0357325040536553
"NC_003074.8",10950101,11100100,150000,"*",0.0562712756537446
"NC_003074.8",11100101,11250100,150000,"*",0.0341715602034267
"NC_003074.8",11250101,11400100,150000,"*",0.0366545275284587
"NC_003074.8",11400101,11550100,150000,"*",0.0514924215620248
"NC_003074.8",11550101,11700100,150000,"*",0.0587016444472326
"NC_003074.8",11700101,11850100,150000,"*",0.0365876649477008
"NC_003074.8",11850101,12000100,150000,"*",0.040623093912754
"NC_003074.8",12000101,12150100,150000,"*",0.072552863741516
"NC_003074.8",12150101,12300100,150000,"*",0.0774598550345399
"NC_003074.8",12300101,12450100,150000,"*",0.0670376445585076
"NC_003074.8",12450101,12600100,150000,"*",0.0815396591776741
"NC_003074.8",12600101,12750100,150000,"*",0.0658846300195121
"NC_003074.8",12750101,12900100,150000,"*",0.0657963925243584
"NC_003074.8",12900101,13050100,150000,"*",0.0748460766739641
"NC_003074.8",13050101,13200100,150000,"*",0.0706235964635323
"NC_003074.8",13200101,13350100,150000,"*",0.0665831685280503
"NC_003074.8",13350101,13500100,150000,"*",0.075743258466772
"NC_003074.8",13500101,13650100,150000,"*",0.0704010523395884
"NC_003074.8",13650101,13800100,150000,"*",0.052364428357143
"NC_003074.8",13800101,13950100,150000,"*",0.0820663290405328
"NC_003074.8",13950101,14100100,150000,"*",0.0730511021983296
"NC_003074.8",14100101,14250100,150000,"*",0.0232249391720329
"NC_003074.8",14250101,14400100,150000,"*",0.0668318883739777
"NC_003074.8",14400101,14550100,150000,"*",0.0808473971472198
"NC_003074.8",14550101,14700100,150000,"*",0.0716433985974835
"NC_003074.8",14700101,14850100,150000,"*",0.0670800223602562
"NC_003074.8",14850101,15000100,150000,"*",0.0667182267960516
"NC_003074.8",15000101,15150100,150000,"*",0.0679930006732277
"NC_003074.8",15150101,15300100,150000,"*",0.0473690097402045
"NC_003074.8",15300101,15450100,150000,"*",0.0634730535637146
"NC_003074.8",15450101,15600100,150000,"*",0.0688237083111453
"NC_003074.8",15600101,15750100,150000,"*",0.0511899749065832
"NC_003074.8",15750101,15900100,150000,"*",0.0262608635104913
"NC_003074.8",15900101,16050100,150000,"*",0.0270580120462404
"NC_003074.8",16050101,16200100,150000,"*",0.0266054261259323
"NC_003074.8",16200101,16350100,150000,"*",0.0262228752218355
"NC_003074.8",16350101,16500100,150000,"*",0.00514088164275712
"NC_003074.8",16500101,16650100,150000,"*",0.0353038162397993
"NC_003074.8",16650101,16800100,150000,"*",0.0167393509505809
"NC_003074.8",16800101,16950100,150000,"*",0.0144684479393092
"NC_003074.8",16950101,17100100,150000,"*",0.0167990491373348
"NC_003074.8",17100101,17250100,150000,"*",0.00848477935968255
"NC_003074.8",17250101,17400100,150000,"*",0.00330469299671923
"NC_003074.8",17400101,17550100,150000,"*",0.0167757340717813
"NC_003074.8",17550101,17700100,150000,"*",0.00390755012975925
"NC_003074.8",17700101,17850100,150000,"*",0.00155786517333964
"NC_003074.8",17850101,18000100,150000,"*",0.0127893992093824
"NC_003074.8",18000101,18150100,150000,"*",0.00114093500652506
"NC_003074.8",18150101,18300100,150000,"*",0.00137491637880294
"NC_003074.8",18300101,18450100,150000,"*",0.00116565506580708
"NC_003074.8",18450101,18600100,150000,"*",0.00285369256839035
"NC_003074.8",18600101,18750100,150000,"*",0.00379050544797536
"NC_003074.8",18750101,18900100,150000,"*",0.0125913088730159
"NC_003074.8",18900101,19050100,150000,"*",9.81122666953004e-05
"NC_003074.8",19050101,19200100,150000,"*",-0.000804036689643184
"NC_003074.8",19200101,19350100,150000,"*",0.000434931026118539
"NC_003074.8",19350101,19500100,150000,"*",0.00108349135251258
"NC_003074.8",19500101,19650100,150000,"*",-5.29211272402991e-05
"NC_003074.8",19650101,19800100,150000,"*",-0.00027901983373884
"NC_003074.8",19800101,19950100,150000,"*",-0.000758689088179122
"NC_003074.8",19950101,20100100,150000,"*",1.83008025045686e-06
"NC_003074.8",20100101,20250100,150000,"*",0.00167531703429899
"NC_003074.8",20250101,20400100,150000,"*",0.00599871845443051
"NC_003074.8",20400101,20550100,150000,"*",0.00198090754121676
"NC_003074.8",20550101,20700100,150000,"*",0.0023169514158773
"NC_003074.8",20700101,20850100,150000,"*",0.00213486583702406
"NC_003074.8",20850101,21000100,150000,"*",0.00132209058615994
"NC_003074.8",21000101,21150100,150000,"*",1.47707833582107e-06
"NC_003074.8",21150101,21300100,150000,"*",-3.56278753825354e-05
"NC_003074.8",21300101,21450100,150000,"*",0.00875511390210091
"NC_003074.8",21450101,21600100,150000,"*",0.000488835674670509
"NC_003074.8",21600101,21750100,150000,"*",-0.000225886828099462
"NC_003074.8",21750101,21900100,150000,"*",0.000533729232919921
"NC_003074.8",21900101,22050100,150000,"*",-0.000233983904021948
"NC_003074.8",22050101,22200100,150000,"*",0.00164348699247218
"NC_003074.8",22200101,22350100,150000,"*",0.0110584030836892
"NC_003074.8",22350101,22500100,150000,"*",0.00406984584738315
"NC_003074.8",22500101,22650100,150000,"*",0.000735087584360587
"NC_003074.8",22650101,22800100,150000,"*",0.00164986917479783
"NC_003074.8",22800101,22950100,150000,"*",-0.000558211220594927
"NC_003074.8",22950101,23100100,150000,"*",0.000225538757906535
"NC_003074.8",23100101,23250100,150000,"*",0.0114952100886016
"NC_003074.8",23250101,23400100,150000,"*",-0.000694099079713405
"NC_003075.7",1004,151003,150000,"*",0.0101903694378078
"NC_003075.7",151004,301003,150000,"*",0.00181710737536651
"NC_003075.7",301004,451003,150000,"*",0.00279425171245642
"NC_003075.7",451004,601003,150000,"*",0.00147228479274033
"NC_003075.7",601004,751003,150000,"*",0.0119736982809153
"NC_003075.7",751004,901003,150000,"*",0.00297609697369836
"NC_003075.7",901004,1051003,150000,"*",0.00519994994481125
"NC_003075.7",1051004,1201003,150000,"*",0.00309153219484122
"NC_003075.7",1201004,1351003,150000,"*",0.00762656962491271
"NC_003075.7",1351004,1501003,150000,"*",0.0138210863654087
"NC_003075.7",1501004,1651003,150000,"*",0.0190534402410062
"NC_003075.7",1651004,1801003,150000,"*",0.0666778981669077
"NC_003075.7",1801004,1951003,150000,"*",0.0780611371892956
"NC_003075.7",1951004,2101003,150000,"*",0.0710924514280337
"NC_003075.7",2101004,2251003,150000,"*",0.0575570296717393
"NC_003075.7",2251004,2401003,150000,"*",0.0565337480892353
"NC_003075.7",2401004,2551003,150000,"*",0.0109445853527496
"NC_003075.7",2551004,2701003,150000,"*",0.0323231797040584
"NC_003075.7",2701004,2851003,150000,"*",0.044397502805548
"NC_003075.7",2851004,3001003,150000,"*",0.0814212637429764
"NC_003075.7",3001004,3151003,150000,"*",0.0838181950829524
"NC_003075.7",3151004,3301003,150000,"*",0.0956992136042218
"NC_003075.7",3301004,3451003,150000,"*",0.0847293607855937
"NC_003075.7",3451004,3601003,150000,"*",0.0906438504900519
"NC_003075.7",3601004,3751003,150000,"*",0.083121789924346
"NC_003075.7",3751004,3901003,150000,"*",0.0872934127990246
"NC_003075.7",3901004,4051003,150000,"*",0.0699317857092117
"NC_003075.7",4051004,4201003,150000,"*",0.0646089734279578
"NC_003075.7",4201004,4351003,150000,"*",0.0759746379939049
"NC_003075.7",4351004,4501003,150000,"*",0.0860238988049037
"NC_003075.7",4501004,4651003,150000,"*",0.0743942074631941
"NC_003075.7",4651004,4801003,150000,"*",0.0763833544514773
"NC_003075.7",4801004,4951003,150000,"*",0.0593201785504138
"NC_003075.7",4951004,5101003,150000,"*",0.0898082373093169
"NC_003075.7",5101004,5251003,150000,"*",0.0378543220947625
"NC_003075.7",5251004,5401003,150000,"*",0.0484727196347875
"NC_003075.7",5401004,5551003,150000,"*",0.0464613479458074
"NC_003075.7",5551004,5701003,150000,"*",0.0502700445069401
"NC_003075.7",5701004,5851003,150000,"*",0.019463743171791
"NC_003075.7",5851004,6001003,150000,"*",0.0440549531596095
"NC_003075.7",6001004,6151003,150000,"*",0.0282668557098231
"NC_003075.7",6151004,6301003,150000,"*",0.00396271758848069
"NC_003075.7",6301004,6451003,150000,"*",0.00428643972946645
"NC_003075.7",6451004,6601003,150000,"*",0.0272808622707493
"NC_003075.7",6601004,6751003,150000,"*",0.0183367495571996
"NC_003075.7",6751004,6901003,150000,"*",0.00247870685472069
"NC_003075.7",6901004,7051003,150000,"*",0.00972036821757212
"NC_003075.7",7051004,7201003,150000,"*",0.0051965111955075
"NC_003075.7",7201004,7351003,150000,"*",0.00221313750421242
"NC_003075.7",7351004,7501003,150000,"*",0.00598291546490396
"NC_003075.7",7501004,7651003,150000,"*",0.00311653405535212
"NC_003075.7",7651004,7801003,150000,"*",0.00583911208532939
"NC_003075.7",7801004,7951003,150000,"*",0.00639660822529214
"NC_003075.7",7951004,8101003,150000,"*",-0.000695417200905261
"NC_003075.7",8101004,8251003,150000,"*",0.00254569986618653
"NC_003075.7",8251004,8401003,150000,"*",0.0134891771138672
"NC_003075.7",8401004,8551003,150000,"*",-0.00013620968881462
"NC_003075.7",8551004,8701003,150000,"*",0.00400569884381609
"NC_003075.7",8701004,8851003,150000,"*",0.000456042011558626
"NC_003075.7",8851004,9001003,150000,"*",0.0113773349344911
"NC_003075.7",9001004,9151003,150000,"*",0.00817691601012459
"NC_003075.7",9151004,9301003,150000,"*",0.00172201032663994
"NC_003075.7",9301004,9451003,150000,"*",-0.000556655518437128
"NC_003075.7",9451004,9601003,150000,"*",0.0043099792353782
"NC_003075.7",9601004,9751003,150000,"*",0.00636342574229387
"NC_003075.7",9751004,9901003,150000,"*",0.00187766716752208
"NC_003075.7",9901004,10051003,150000,"*",0.00507985908263953
"NC_003075.7",10051004,10201003,150000,"*",0.011378905366348
"NC_003075.7",10201004,10351003,150000,"*",0.000820365557226949
"NC_003075.7",10351004,10501003,150000,"*",0.000534443521089103
"NC_003075.7",10501004,10651003,150000,"*",0.0090619663030103
"NC_003075.7",10651004,10801003,150000,"*",0.00257755898487414
"NC_003075.7",10801004,10951003,150000,"*",0.000991852091284724
"NC_003075.7",10951004,11101003,150000,"*",0.0252016378198536
"NC_003075.7",11101004,11251003,150000,"*",0.00303963651709879
"NC_003075.7",11251004,11401003,150000,"*",0.00935572914845882
"NC_003075.7",11401004,11551003,150000,"*",-0.000137452936179479
"NC_003075.7",11551004,11701003,150000,"*",0.00317963387598114
"NC_003075.7",11701004,11851003,150000,"*",0.0170536289888322
"NC_003075.7",11851004,12001003,150000,"*",-0.000222339394615226
"NC_003075.7",12001004,12151003,150000,"*",0.000311956654170786
"NC_003075.7",12151004,12301003,150000,"*",-0.000328238873260761
"NC_003075.7",12301004,12451003,150000,"*",0.000634514592044168
"NC_003075.7",12451004,12601003,150000,"*",0.00139326394134758
"NC_003075.7",12601004,12751003,150000,"*",8.2008169298136e-05
"NC_003075.7",12751004,12901003,150000,"*",0.000287146156943568
"NC_003075.7",12901004,13051003,150000,"*",-4.2919952511794e-05
"NC_003075.7",13051004,13201003,150000,"*",-0.000260607442699669
"NC_003075.7",13201004,13351003,150000,"*",0.00390115087131531
"NC_003075.7",13351004,13501003,150000,"*",-0.000214532966803634
"NC_003075.7",13501004,13651003,150000,"*",0.00921511883354551
"NC_003075.7",13651004,13801003,150000,"*",-0.000318961337765477
"NC_003075.7",13801004,13951003,150000,"*",0.000540783375456747
"NC_003075.7",13951004,14101003,150000,"*",-0.000304433886869368
"NC_003075.7",14101004,14251003,150000,"*",-0.000854656433698153
"NC_003075.7",14251004,14401003,150000,"*",0.00828162036735528
"NC_003075.7",14401004,14551003,150000,"*",-0.000274903326128201
"NC_003075.7",14551004,14701003,150000,"*",-0.000247995229528947
"NC_003075.7",14701004,14851003,150000,"*",-2.90910268644917e-05
"NC_003075.7",14851004,15001003,150000,"*",0.0032893504710457
"NC_003075.7",15001004,15151003,150000,"*",0.0013352827047357
"NC_003075.7",15151004,15301003,150000,"*",-0.000269735434379849
"NC_003075.7",15301004,15451003,150000,"*",0.000277881316366852
"NC_003075.7",15451004,15601003,150000,"*",-0.000454435367970948
"NC_003075.7",15601004,15751003,150000,"*",-0.000268038698915733
"NC_003075.7",15751004,15901003,150000,"*",-0.00064436779337575
"NC_003075.7",15901004,16051003,150000,"*",-3.10149963312738e-05
"NC_003075.7",16051004,16201003,150000,"*",0.00141933892711268
"NC_003075.7",16201004,16351003,150000,"*",0.00058271690955207
"NC_003075.7",16351004,16501003,150000,"*",-0.000384770655542065
"NC_003075.7",16501004,16651003,150000,"*",-0.000247515512953187
"NC_003075.7",16651004,16801003,150000,"*",-3.01445441748677e-05
"NC_003075.7",16801004,16951003,150000,"*",0.000572298678564301
"NC_003075.7",16951004,17101003,150000,"*",0.00092269155589568
"NC_003075.7",17101004,17251003,150000,"*",-0.000515438153131645
"NC_003075.7",17251004,17401003,150000,"*",0.000129491631570576
"NC_003075.7",17401004,17551003,150000,"*",0.000624027061012798
"NC_003075.7",17551004,17701003,150000,"*",-0.000688003494759518
"NC_003075.7",17701004,17851003,150000,"*",0.0025611410258682
"NC_003075.7",17851004,18001003,150000,"*",7.69543063040305e-05
"NC_003075.7",18001004,18151003,150000,"*",-0.000186600357123402
"NC_003075.7",18151004,18301003,150000,"*",0.000353763414386603
"NC_003075.7",18301004,18451003,150000,"*",-0.000501210454809078
"NC_003076.8",5,150004,150000,"*",0.00840519130825851
"NC_003076.8",150005,300004,150000,"*",-0.000445627657198325
"NC_003076.8",300005,450004,150000,"*",0.000623198808666351
"NC_003076.8",450005,600004,150000,"*",-0.00368208022812578
"NC_003076.8",600005,750004,150000,"*",0.00231325485261754
"NC_003076.8",750005,900004,150000,"*",-0.000234878614334045
"NC_003076.8",900005,1050004,150000,"*",-0.000382664142319644
"NC_003076.8",1050005,1200004,150000,"*",-0.000309240861287627
"NC_003076.8",1200005,1350004,150000,"*",0.000111670618518181
"NC_003076.8",1350005,1500004,150000,"*",4.72566187980118e-05
"NC_003076.8",1500005,1650004,150000,"*",-0.000435763627282898
"NC_003076.8",1650005,1800004,150000,"*",-0.000302992437464099
"NC_003076.8",1800005,1950004,150000,"*",0.000740532596247845
"NC_003076.8",1950005,2100004,150000,"*",0.000444758363496415
"NC_003076.8",2100005,2250004,150000,"*",0.00087238142452695
"NC_003076.8",2250005,2400004,150000,"*",0.0164790206348953
"NC_003076.8",2400005,2550004,150000,"*",0.00194007478080826
"NC_003076.8",2550005,2700004,150000,"*",0.000168661479295168
"NC_003076.8",2700005,2850004,150000,"*",-0.000316717855117683
"NC_003076.8",2850005,3000004,150000,"*",0.000279501400518982
"NC_003076.8",3000005,3150004,150000,"*",-0.00158650853617116
"NC_003076.8",3150005,3300004,150000,"*",-0.000329806586111122
"NC_003076.8",3300005,3450004,150000,"*",0.000731514840465582
"NC_003076.8",3450005,3600004,150000,"*",-0.000642447209527735
"NC_003076.8",3600005,3750004,150000,"*",0.00128251749516308
"NC_003076.8",3750005,3900004,150000,"*",5.61878572456018e-05
"NC_003076.8",3900005,4050004,150000,"*",0.00650728716826148
"NC_003076.8",4050005,4200004,150000,"*",0.000193953013186973
"NC_003076.8",4200005,4350004,150000,"*",0.0100405474807271
"NC_003076.8",4350005,4500004,150000,"*",-0.000578917992194384
"NC_003076.8",4500005,4650004,150000,"*",0.0004931074667061
"NC_003076.8",4650005,4800004,150000,"*",-0.00012409456611749
"NC_003076.8",4800005,4950004,150000,"*",0.000195694007123826
"NC_003076.8",4950005,5100004,150000,"*",0.00119099664785215
"NC_003076.8",5100005,5250004,150000,"*",0.0052439478502344
"NC_003076.8",5250005,5400004,150000,"*",7.50389777494313e-05
"NC_003076.8",5400005,5550004,150000,"*",-0.000678609222113918
"NC_003076.8",5550005,5700004,150000,"*",0.00311966226948047
"NC_003076.8",5700005,5850004,150000,"*",-0.000362640966349668
"NC_003076.8",5850005,6000004,150000,"*",0.00163583210595537
"NC_003076.8",6000005,6150004,150000,"*",-0.000473677791146375
"NC_003076.8",6150005,6300004,150000,"*",0.00748709710254277
"NC_003076.8",6300005,6450004,150000,"*",0.0178970725273386
"NC_003076.8",6450005,6600004,150000,"*",-0.00070753439574356
"NC_003076.8",6600005,6750004,150000,"*",-0.000361435681742068
"NC_003076.8",6750005,6900004,150000,"*",-0.000179990259732489
"NC_003076.8",6900005,7050004,150000,"*",0.0114563689181004
"NC_003076.8",7050005,7200004,150000,"*",0.000360152672738107
"NC_003076.8",7200005,7350004,150000,"*",0.000793810867862919
"NC_003076.8",7350005,7500004,150000,"*",0.000634466115538006
"NC_003076.8",7500005,7650004,150000,"*",0.00249104012457826
"NC_003076.8",7650005,7800004,150000,"*",0.00109624937616427
"NC_003076.8",7800005,7950004,150000,"*",0.00179528433179998
"NC_003076.8",7950005,8100004,150000,"*",0.00158182691653427
"NC_003076.8",8100005,8250004,150000,"*",0.00432646406708779
"NC_003076.8",8250005,8400004,150000,"*",0.00147463032882413
"NC_003076.8",8400005,8550004,150000,"*",0.00427534785482508
"NC_003076.8",8550005,8700004,150000,"*",0.0239464937877507
"NC_003076.8",8700005,8850004,150000,"*",0.0159968131698445
"NC_003076.8",8850005,9000004,150000,"*",0.00611358732372411
"NC_003076.8",9000005,9150004,150000,"*",0.0057501636790557
"NC_003076.8",9150005,9300004,150000,"*",0.0275999704256164
"NC_003076.8",9300005,9450004,150000,"*",0.0133738065896682
"NC_003076.8",9450005,9600004,150000,"*",0.00967809091291576
"NC_003076.8",9600005,9750004,150000,"*",0.0130504720253969
"NC_003076.8",9750005,9900004,150000,"*",0.0198273527971429
"NC_003076.8",9900005,10050004,150000,"*",0.0402689127463186
"NC_003076.8",10050005,10200004,150000,"*",0.063012422973885
"NC_003076.8",10200005,10350004,150000,"*",0.0398097985518391
"NC_003076.8",10350005,10500004,150000,"*",0.0616702286722637
"NC_003076.8",10500005,10650004,150000,"*",0.0634197857780504
"NC_003076.8",10650005,10800004,150000,"*",0.0619178854935371
"NC_003076.8",10800005,10950004,150000,"*",0.0537541226250279
"NC_003076.8",10950005,11100004,150000,"*",0.0713662734246466
"NC_003076.8",11100005,11250004,150000,"*",0.0570176809640047
"NC_003076.8",11250005,11400004,150000,"*",0.0821139080387738
"NC_003076.8",11400005,11550004,150000,"*",0.0802673492414118
"NC_003076.8",11550005,11700004,150000,"*",0.0755084123748451
"NC_003076.8",11700005,11850004,150000,"*",0.0781395341269094
"NC_003076.8",11850005,12000004,150000,"*",0.0802886973469332
"NC_003076.8",12000005,12150004,150000,"*",0.0840809464260583
"NC_003076.8",12150005,12300004,150000,"*",0.0851677802355315
"NC_003076.8",12300005,12450004,150000,"*",0.0838009510249028
"NC_003076.8",12450005,12600004,150000,"*",0.0722466378320305
"NC_003076.8",12600005,12750004,150000,"*",0.0716701470608366
"NC_003076.8",12750005,12900004,150000,"*",0.0718149037234594
"NC_003076.8",12900005,13050004,150000,"*",0.0834297612005085
"NC_003076.8",13050005,13200004,150000,"*",0.0641181968261659
"NC_003076.8",13200005,13350004,150000,"*",0.0725093782118822
"NC_003076.8",13350005,13500004,150000,"*",0.037920857113257
"NC_003076.8",13500005,13650004,150000,"*",0.0426178506688116
"NC_003076.8",13650005,13800004,150000,"*",0.0467023604570173
"NC_003076.8",13800005,13950004,150000,"*",0.0376228052275168
"NC_003076.8",13950005,14100004,150000,"*",0.034568818955497
"NC_003076.8",14100005,14250004,150000,"*",0.0339971431806481
"NC_003076.8",14250005,14400004,150000,"*",0.047501230029051
"NC_003076.8",14400005,14550004,150000,"*",0.0287206306400747
"NC_003076.8",14550005,14700004,150000,"*",0.035184843166307
"NC_003076.8",14700005,14850004,150000,"*",0.0165753652567322
"NC_003076.8",14850005,15000004,150000,"*",0.00638208576137289
"NC_003076.8",15000005,15150004,150000,"*",0.0137572927998711
"NC_003076.8",15150005,15300004,150000,"*",0.0209717269592514
"NC_003076.8",15300005,15450004,150000,"*",0.0158504568644132
"NC_003076.8",15450005,15600004,150000,"*",0.0172835189839377
"NC_003076.8",15600005,15750004,150000,"*",0.0277757430353799
"NC_003076.8",15750005,15900004,150000,"*",0.00342867278790981
"NC_003076.8",15900005,16050004,150000,"*",0.0171374987600352
"NC_003076.8",16050005,16200004,150000,"*",0.00198219047006028
"NC_003076.8",16200005,16350004,150000,"*",0.00544810995707033
"NC_003076.8",16350005,16500004,150000,"*",0.00034959460125693
"NC_003076.8",16500005,16650004,150000,"*",0.00210502637590674
"NC_003076.8",16650005,16800004,150000,"*",0.0103637154039656
"NC_003076.8",16800005,16950004,150000,"*",0.000624460954461451
"NC_003076.8",16950005,17100004,150000,"*",0.00898720123784088
"NC_003076.8",17100005,17250004,150000,"*",0.00299198773101227
"NC_003076.8",17250005,17400004,150000,"*",0.0117029671318632
"NC_003076.8",17400005,17550004,150000,"*",0.0160223735275563
"NC_003076.8",17550005,17700004,150000,"*",0.0108934963782324
"NC_003076.8",17700005,17850004,150000,"*",0.000996314531767163
"NC_003076.8",17850005,18000004,150000,"*",0.00618979000910837
"NC_003076.8",18000005,18150004,150000,"*",0.00584762386744402
"NC_003076.8",18150005,18300004,150000,"*",0.00838421869661266
"NC_003076.8",18300005,18450004,150000,"*",0.00131473802835023
"NC_003076.8",18450005,18600004,150000,"*",0.0122007826026287
"NC_003076.8",18600005,18750004,150000,"*",0.00137895216959237
"NC_003076.8",18750005,18900004,150000,"*",0.00032612636326225
"NC_003076.8",18900005,19050004,150000,"*",0.0109839754408031
"NC_003076.8",19050005,19200004,150000,"*",0.00958323725745904
"NC_003076.8",19200005,19350004,150000,"*",-0.000530482513119469
"NC_003076.8",19350005,19500004,150000,"*",0.00822613649994056
"NC_003076.8",19500005,19650004,150000,"*",0.00126919957735803
"NC_003076.8",19650005,19800004,150000,"*",0.000315919559992871
"NC_003076.8",19800005,19950004,150000,"*",0.0034253073720864
"NC_003076.8",19950005,20100004,150000,"*",0.00214557076105141
"NC_003076.8",20100005,20250004,150000,"*",0.00091014092467492
"NC_003076.8",20250005,20400004,150000,"*",2.65696941616246e-05
"NC_003076.8",20400005,20550004,150000,"*",0.00136287349356802
"NC_003076.8",20550005,20700004,150000,"*",0.00393212166690201
"NC_003076.8",20700005,20850004,150000,"*",0.00204549241159455
"NC_003076.8",20850005,21000004,150000,"*",-0.000529368964562056
"NC_003076.8",21000005,21150004,150000,"*",7.56936049952205e-05
"NC_003076.8",21150005,21300004,150000,"*",0.007743379138126
"NC_003076.8",21300005,21450004,150000,"*",0.00109893093592322
"NC_003076.8",21450005,21600004,150000,"*",0.00647005585113074
"NC_003076.8",21600005,21750004,150000,"*",0.000578301421301627
"NC_003076.8",21750005,21900004,150000,"*",0.00781865986342035
"NC_003076.8",21900005,22050004,150000,"*",0.00346916822897246
"NC_003076.8",22050005,22200004,150000,"*",0.00155628385796877
"NC_003076.8",22200005,22350004,150000,"*",-0.00031629753730297
"NC_003076.8",22350005,22500004,150000,"*",-0.000215673175495442
"NC_003076.8",22500005,22650004,150000,"*",0.00391238144445997
"NC_003076.8",22650005,22800004,150000,"*",0.000163298731169022
"NC_003076.8",22800005,22950004,150000,"*",0.0015429692000771
"NC_003076.8",22950005,23100004,150000,"*",0.00049349974648738
"NC_003076.8",23100005,23250004,150000,"*",0.00868827119968369
"NC_003076.8",23250005,23400004,150000,"*",-0.000511382518001076
"NC_003076.8",23400005,23550004,150000,"*",-0.000569541288162312
"NC_003076.8",23550005,23700004,150000,"*",0.000183551601704185
"NC_003076.8",23700005,23850004,150000,"*",-0.000241743517549572
"NC_003076.8",23850005,24000004,150000,"*",-0.000407588772921729
"NC_003076.8",24000005,24150004,150000,"*",0.00569604325835189
"NC_003076.8",24150005,24300004,150000,"*",-0.000125972887140927
"NC_003076.8",24300005,24450004,150000,"*",-0.00156369966240304
"NC_003076.8",24450005,24600004,150000,"*",0.000660299374783612
"NC_003076.8",24600005,24750004,150000,"*",0.000625128038038892
"NC_003076.8",24750005,24900004,150000,"*",-0.000635085228556092
"NC_003076.8",24900005,25050004,150000,"*",0.000917685493177497
"NC_003076.8",25050005,25200004,150000,"*",-0.000309549375738305
"NC_003076.8",25200005,25350004,150000,"*",0.000754479074551118
"NC_003076.8",25350005,25500004,150000,"*",0.000334157733947498
"NC_003076.8",25500005,25650004,150000,"*",-0.00031525665556331
"NC_003076.8",25650005,25800004,150000,"*",0.000163488786976257
"NC_003076.8",25800005,25950004,150000,"*",-0.000821116015742489
"NC_003076.8",25950005,26100004,150000,"*",-0.000549689100220066
"NC_003076.8",26100005,26250004,150000,"*",0.000259372574672284
"NC_003076.8",26250005,26400004,150000,"*",0.00274382523983844
"NC_003076.8",26400005,26550004,150000,"*",-0.000473580413337711
"NC_003076.8",26550005,26700004,150000,"*",-0.000196918760714772
"NC_003076.8",26700005,26850004,150000,"*",0.000324923711678877
